Id,y
14455,no
36380,no
40076,no
10778,no
27939,no
37546,no
27310,no
8377,no
40138,yes
20148,no
37959,no
16213,no
28763,no
24077,no
7334,no
7324,no
39198,yes
7690,no
8046,no
38884,yes
6010,no
40450,yes
7180,no
13773,no
28139,no
2061,no
5755,no
33233,no
24189,no
35903,no
24169,no
11580,no
2521,no
33403,no
1264,no
5682,no
1325,no
21894,no
23920,no
26259,no
16678,no
13397,no
10224,no
20509,no
8505,no
5446,no
9855,no
3923,no
24697,no
7063,no
7409,no
4362,no
658,no
9248,no
25232,no
33339,no
8713,no
1432,no
6977,no
5193,no
16161,no
5259,no
4484,no
25802,no
33437,no
18209,no
39307,no
13228,no
3114,no
19395,no
23903,no
23549,no
3237,no
26683,no
11975,no
19120,no
30880,no
35851,no
28008,yes
7875,no
41119,yes
29878,no
40397,no
6543,no
37278,no
22512,no
30088,no
40670,yes
16326,yes
10326,no
28129,no
31146,no
33486,no
32012,no
9827,no
16163,no
28806,no
38010,no
26933,yes
17323,no
39983,yes
18043,no
20487,no
25437,no
37582,yes
268,no
24324,no
14824,no
24214,yes
128,no
32067,no
2966,no
30195,yes
5729,no
17502,no
1940,no
2679,no
25881,no
17664,no
30307,no
7204,no
35072,yes
23091,no
18682,no
1570,no
446,yes
16556,no
38431,yes
34437,no
6386,no
160,no
17288,no
27350,no
21944,no
17308,no
5560,no
13834,yes
4898,no
34687,no
14654,no
36998,no
25645,no
23454,no
4254,no
13628,no
7368,no
4622,no
11500,no
14630,no
34920,no
40954,yes
1598,no
1562,no
975,no
40040,no
3882,no
22511,no
1090,no
10675,no
17159,no
10232,no
36848,no
37930,no
41112,no
7802,no
27435,no
22392,no
26625,no
4604,no
14886,no
41071,no
16686,no
28700,no
30482,no
1126,no
31220,no
28185,no
18611,no
9850,no
31346,no
36459,no
10942,no
25354,no
6167,no
40083,yes
9823,no
13509,no
9371,no
25030,no
6903,no
22163,no
8120,no
32031,yes
21424,no
15255,no
35587,no
289,no
33134,no
26622,yes
19511,no
28514,no
13906,no
17070,yes
24493,no
3425,no
15567,no
20903,no
31757,no
13378,no
5395,no
4894,no
18226,no
12392,no
8711,no
31191,no
13818,no
39572,no
627,no
24430,no
25265,no
38447,yes
25378,no
24542,no
13686,no
12324,no
14990,no
19114,no
37629,no
34399,yes
24136,no
21559,no
39743,no
1796,no
8100,no
9052,no
16155,no
10616,no
22738,no
6263,no
18221,no
16432,no
11868,no
39425,no
38069,yes
2579,no
33820,no
21529,no
26810,no
4098,no
25710,no
3570,yes
34357,no
31066,no
28498,yes
26760,no
5594,no
22091,no
36867,yes
10301,no
5094,no
12436,no
20296,yes
37918,no
6924,no
25228,no
18543,no
38902,no
5044,no
24744,no
5769,no
22268,no
6607,no
12839,no
16757,no
2747,no
17545,no
9907,yes
6130,no
14413,no
37516,no
32587,no
9547,yes
23992,no
16914,no
24906,no
37902,no
19233,no
30697,no
33402,no
34225,no
36756,no
27503,no
2122,no
28725,no
31921,no
37741,no
22629,no
9354,no
19432,no
34544,no
17992,no
40116,yes
17696,no
9431,no
24821,no
11107,no
17981,no
21297,no
32327,no
7577,no
22104,no
38452,yes
5788,no
18395,yes
16096,no
20879,no
16285,no
8064,no
31307,yes
28877,no
13738,no
7183,no
11507,no
14196,no
20575,no
29079,no
25472,no
5175,no
7379,no
34887,yes
5295,no
8998,no
36614,yes
38808,yes
21735,no
39609,no
21828,no
38781,yes
21830,no
3125,no
23799,no
19504,no
28001,no
13999,no
5205,no
26308,no
32150,no
25145,no
2264,no
30234,yes
11212,no
16166,no
5019,no
11084,no
701,no
5841,no
27943,yes
22300,no
29720,no
12686,no
10041,no
27285,no
21109,no
6788,no
8420,no
22865,no
3384,yes
19240,no
12558,no
35320,no
6483,no
10113,no
6025,no
34142,no
24576,no
25025,no
1941,no
507,no
18552,no
15011,no
20098,no
29175,no
33439,no
36486,yes
38967,yes
39333,yes
13800,no
6345,no
34809,no
13137,yes
7210,no
4039,no
15178,no
30573,yes
18239,no
2842,no
29100,no
30447,no
37142,yes
24961,no
29872,no
2788,no
28242,no
7603,no
14959,no
19181,no
12303,no
2138,no
25189,no
15284,no
3428,no
23602,no
30027,yes
8844,no
20538,no
39632,no
8488,no
23536,no
10528,no
30572,yes
6314,no
923,no
35151,no
11790,yes
38645,no
24741,no
6564,no
36263,no
40686,yes
36527,no
569,no
34336,no
19887,no
13570,no
30826,no
6047,no
29321,no
34723,no
25425,no
31082,no
28495,yes
40133,no
32434,no
7218,no
37688,yes
29280,yes
20770,no
120,no
23752,no
28231,no
13516,no
15108,no
5635,no
8436,no
31092,no
18695,no
4959,no
14350,no
16516,no
6855,no
37607,no
20697,no
32941,no
7523,no
2205,no
12649,no
14397,no
35111,no
2301,no
37135,no
36551,yes
37296,no
34193,no
14913,no
39050,no
22647,no
26408,no
3913,no
31309,no
24751,no
14424,yes
17266,no
8264,no
622,no
36594,no
31561,no
2706,no
14799,no
23768,no
24141,no
8361,no
3206,no
28696,yes
11410,no
2171,no
25291,no
40037,no
10346,no
14985,no
6099,no
4850,no
39259,yes
22742,no
11647,no
32020,no
32959,no
25256,no
23624,no
38987,yes
40044,no
32916,no
7490,no
32107,no
24251,no
24996,no
8373,no
33630,no
20528,no
36934,yes
5931,no
26252,no
39737,no
10702,no
27340,no
13347,no
38728,yes
4813,no
37303,no
2499,no
4320,no
16602,no
24899,no
27447,no
5508,no
1396,yes
5756,no
7002,no
6988,no
36353,yes
30652,no
18164,no
17261,no
28214,yes
24976,no
35079,no
11394,no
36067,no
41091,no
37706,yes
5229,no
13629,no
6665,no
22079,no
13687,no
24933,no
31526,no
25806,no
18110,no
33033,no
5917,no
26425,no
918,no
4760,no
10102,no
5167,no
16010,no
24483,no
4757,no
36324,no
25260,no
11391,no
18324,no
38286,no
23247,no
37852,no
18096,no
38869,no
929,no
10816,no
7541,no
7207,no
21786,no
22702,no
25343,no
5187,no
14044,no
1576,no
21246,no
18985,no
40396,no
39330,no
26155,no
8129,no
26379,yes
24868,no
1115,no
21040,no
9386,no
7413,no
35553,no
5034,no
15061,no
1172,no
26979,no
14636,no
2685,no
24817,no
21623,no
28640,no
35965,no
35811,no
34919,no
6789,no
24951,no
37156,yes
11060,no
1755,no
38760,yes
12305,no
9676,no
7617,no
35906,no
18910,no
20141,no
685,no
20135,no
29701,no
4875,no
987,no
40318,no
14786,no
19059,no
34779,no
22271,no
36542,yes
18793,no
11821,no
27540,no
28773,no
34596,yes
13797,no
18379,no
38714,no
27826,no
20808,no
21436,no
143,no
3495,no
4767,no
39379,yes
34831,no
14210,no
34843,no
17279,no
39957,yes
13402,no
22752,no
20824,no
7615,no
33514,no
24809,no
6767,no
3730,no
39719,yes
33953,no
7681,no
32339,no
14994,no
27784,yes
14280,no
8630,no
26520,no
29604,no
18296,no
4791,no
22011,no
6973,no
8118,no
35552,yes
6843,no
14396,no
8859,no
16926,no
4272,no
35370,no
10592,no
7081,no
26786,no
35047,no
35324,no
35513,no
39439,no
5665,no
10158,yes
25279,no
9376,no
2541,no
5990,no
148,no
37056,yes
3306,no
35088,no
7209,no
34496,no
15505,no
6278,no
27129,no
9445,no
35716,no
22166,no
7959,no
13434,no
29198,no
30067,no
23852,no
14153,yes
32466,no
9210,no
22632,no
37149,no
26153,no
17465,no
23693,no
35300,no
25892,yes
3081,no
1195,no
9209,no
36838,yes
22699,no
14266,no
2596,no
15703,no
27731,yes
40742,no
36184,no
21582,no
20010,no
22654,no
24425,no
33211,no
16094,no
1093,no
34958,no
32179,no
37049,no
34950,no
18672,no
6160,no
21071,no
34541,no
32504,no
34331,no
17937,no
21689,no
2023,no
9516,no
40863,no
17443,no
6426,no
24374,no
13722,no
35474,no
12633,no
26788,no
13805,no
18394,yes
36281,no
10007,no
19124,no
39171,yes
20359,no
23510,yes
23113,no
13496,no
9996,no
21318,no
10198,no
18009,no
10291,no
8212,no
10740,no
38111,yes
30236,yes
3305,no
2832,no
29308,no
24685,no
28118,no
27069,no
24237,no
4147,no
27315,no
35252,no
33862,no
11416,no
15790,no
39503,yes
34510,no
22854,no
39223,yes
12692,no
3958,no
23531,no
11486,no
14629,no
32835,no
33513,no
15040,no
12622,no
32121,no
21714,no
4173,no
11033,no
29120,no
26037,no
8714,no
22158,no
34371,no
22754,no
34867,no
4157,no
3509,no
20267,no
15353,yes
20037,no
40359,yes
38736,yes
38156,no
4256,no
16683,yes
6887,no
39734,yes
22799,no
5986,no
30137,no
39611,yes
26566,no
29448,no
29126,yes
30582,no
14529,yes
26555,no
23589,no
39438,yes
13664,no
18,no
4716,no
1523,no
18823,no
40358,yes
20733,yes
9,no
1155,no
7040,no
19303,no
21811,no
4675,no
30563,no
18261,no
26186,no
16616,no
35684,yes
38731,no
16042,no
1294,no
920,no
7602,no
33350,no
13252,no
2310,no
33471,no
38154,yes
38164,no
30068,no
36757,no
12299,no
14880,no
37758,yes
13312,no
38459,no
4307,no
372,no
519,no
30090,no
37150,no
19314,no
9994,no
25780,no
36875,no
11875,no
787,no
25000,no
3066,no
29101,no
29224,no
18102,no
31283,no
24760,no
327,no
22829,no
35420,no
8347,no
7335,no
38423,yes
10596,no
33319,no
4395,no
21906,no
36929,no
28451,no
36764,no
1351,no
36377,no
39853,yes
23543,no
41092,yes
39130,yes
21677,no
14828,yes
5090,no
28752,yes
1078,yes
37587,no
13730,no
13591,no
39554,yes
10746,no
4463,no
34552,no
11002,no
23544,no
24570,no
14155,no
6976,no
5642,no
19111,no
4909,no
30051,no
29495,no
2227,no
39843,yes
19615,no
38073,no
4950,no
40527,no
31312,no
35267,no
10090,no
5076,no
9068,no
29975,no
2902,no
4294,yes
14929,no
6519,no
27100,no
1797,no
10026,no
17425,no
1669,no
1166,yes
26993,no
15172,no
21285,no
11675,no
11874,no
25130,no
20540,no
28157,no
37159,no
30903,no
2692,no
18587,yes
32046,no
1496,no
800,no
10534,no
15627,no
14920,no
10637,no
17402,no
2700,no
5869,no
23746,no
31292,yes
19316,no
4552,no
31541,no
25541,no
7798,no
26456,no
34486,no
30314,yes
27830,no
37108,yes
20440,no
35919,no
38221,yes
20624,no
8868,no
23458,no
40730,yes
16596,no
37800,yes
9326,no
32687,no
30807,no
28510,no
40857,no
19596,no
32166,no
7715,no
37057,no
38263,no
33082,no
20316,no
75,yes
5106,no
19102,no
29438,no
11603,no
38851,no
6561,no
13848,no
8681,no
823,no
13141,no
26839,no
2454,no
11579,no
34393,no
34179,no
25589,no
10954,no
24669,no
11456,no
10206,no
11368,no
30335,no
2000,no
36018,no
12008,no
5687,no
34396,no
37598,no
16748,no
16455,no
15851,no
21232,no
1688,no
37787,no
31830,no
40713,no
28994,no
6731,no
9255,no
8430,no
2856,no
4752,yes
35819,yes
29007,no
5265,no
2477,no
27297,no
12321,no
24975,no
21352,no
11122,no
17519,no
34196,yes
18399,no
21948,no
912,no
37792,no
18262,no
9612,no
14098,no
37122,yes
26219,no
8975,no
37008,yes
17093,yes
37996,yes
25519,yes
6787,no
14992,no
23343,no
16786,no
30929,no
18307,no
30302,yes
11061,no
38274,yes
8819,no
9821,no
7172,no
13919,no
19415,no
31413,no
23844,no
2003,no
34111,no
32033,no
17203,no
32900,no
24581,no
16530,no
745,no
23739,no
17779,no
798,no
2114,no
21044,no
14587,no
24784,no
35444,no
20931,no
30627,yes
23333,no
37194,no
17398,no
21753,no
15158,no
7479,no
26427,no
40123,yes
11853,no
18152,no
20940,no
19107,no
13144,no
30560,no
27414,no
36990,no
40740,yes
30586,yes
2149,no
6592,no
19493,no
19138,no
14478,no
29947,no
27085,yes
19642,no
570,no
30987,no
12012,no
29552,no
35871,yes
9570,no
8476,no
7165,no
18572,no
27363,no
21334,no
24638,no
4998,no
29340,no
25938,no
9876,no
8616,no
21397,no
34730,yes
10420,no
203,no
17280,no
13261,no
26328,no
24070,no
28494,no
11540,no
19145,no
19214,no
17181,yes
16699,no
15323,no
15315,no
31179,no
22431,no
3815,no
9626,no
1429,no
10672,no
11796,no
40927,yes
24694,yes
5407,no
23774,no
25035,no
34041,no
17811,no
27432,no
1176,no
26811,no
3653,no
34174,no
7672,no
19787,no
33433,yes
31136,no
11395,no
24603,no
25017,no
25976,no
37683,yes
753,no
9440,no
40798,yes
22366,no
39038,no
14488,no
20253,no
15679,no
25055,no
36350,yes
12890,no
7191,no
35530,no
38569,yes
32891,no
14228,no
37759,no
39337,yes
21929,no
18371,no
3336,no
21319,no
9663,no
28094,no
8756,no
5676,no
9781,no
16009,no
11493,no
16754,no
37344,no
25798,no
24082,no
18435,no
18284,yes
19851,no
37998,yes
23658,no
20929,no
18177,no
26907,no
11691,no
28066,no
5206,no
5790,no
27630,no
31973,no
36508,no
27132,no
6441,no
28630,no
20153,no
34830,no
28911,no
7299,no
9452,no
37269,no
9936,no
27387,no
14673,no
33008,no
3494,no
19599,no
15965,no
27395,no
7881,yes
8655,no
821,no
14330,no
7381,no
31297,no
21021,no
28675,no
24084,no
9897,no
28847,no
32381,no
6224,no
16845,no
37040,yes
33871,no
40739,no
31907,no
26658,no
19079,no
26195,no
21717,no
34075,no
16258,no
33996,no
4296,no
15952,no
18937,no
35747,no
14576,yes
11173,no
37107,no
14541,no
29634,no
1027,no
38711,yes
27996,no
5926,no
2055,no
13964,no
17949,no
22926,no
26715,no
11877,no
29151,no
10202,no
8717,no
32195,no
6443,no
35593,no
20170,no
12701,no
11366,no
38341,no
6493,no
10521,no
30214,no
4493,no
22243,no
9482,no
35948,yes
40651,yes
8885,no
23777,no
34468,no
20082,no
39614,no
3462,no
26201,no
8338,no
39441,yes
8161,no
37165,yes
10133,no
28017,yes
33316,no
5760,no
16610,no
2937,no
25485,no
36218,no
1032,no
22604,no
7110,no
28995,no
22798,no
15573,no
13428,no
8147,no
712,no
30640,no
1314,no
36522,no
30915,no
12814,no
38410,no
36959,yes
33115,no
31991,no
6302,no
15542,no
30379,no
16518,no
29381,no
32657,no
1546,no
10193,no
4295,no
4746,no
11618,no
12444,no
2598,no
5978,yes
21413,no
15391,no
32754,no
31249,no
8209,no
4028,no
2619,no
34478,no
2266,no
8831,no
27840,no
24862,no
25085,no
18410,no
1327,no
34304,no
33290,no
18327,no
10079,no
32773,no
38633,yes
10048,no
22120,no
8515,no
26648,no
19357,no
32975,no
15698,no
34519,no
13055,no
26096,no
26199,no
20873,no
27010,no
22796,no
24537,no
8798,no
9583,no
32957,no
21179,no
4612,no
31806,yes
11757,no
7733,no
33485,no
3115,no
6238,no
12627,no
28393,no
3158,no
16197,no
29238,no
23291,no
27473,no
12174,no
6882,no
19253,yes
3735,no
11159,no
4561,no
13978,yes
22749,no
31054,no
21542,no
23943,no
26265,yes
2531,no
33002,no
17335,no
2865,no
4094,no
6549,no
37265,yes
3259,yes
14140,no
10382,no
6778,no
25903,no
7866,no
12500,no
14191,no
16243,no
27755,no
29970,yes
6648,yes
35471,no
13990,no
9590,no
7773,no
30648,no
23415,no
2068,no
1082,no
24045,no
9292,no
16893,no
26416,no
18606,no
5601,no
13969,no
23371,no
35990,no
5214,no
19976,no
25650,no
17451,yes
36817,no
30671,no
30356,yes
21434,no
6408,no
33144,no
4001,no
24016,yes
40812,no
15374,no
2259,no
24329,no
21554,no
19525,no
23383,no
33747,yes
1161,no
26454,no
18936,no
29843,no
28835,no
18995,no
34099,no
30810,no
3759,no
37588,yes
5794,no
10500,no
3905,no
33776,no
16746,no
27008,no
25989,no
24695,no
30667,no
5772,no
13013,no
7192,no
2616,no
16410,no
8745,no
20885,no
21505,no
7135,yes
5527,no
28649,no
28860,no
32599,no
13602,no
34078,no
10103,no
33368,no
10368,no
16929,no
28554,no
26619,no
38800,yes
4607,no
17431,no
30707,no
11168,no
37294,no
25549,no
12393,no
3976,no
24759,no
3733,no
36222,no
7249,no
17854,no
40734,yes
19182,no
10808,no
21005,no
29648,no
1394,no
40717,yes
7613,yes
5697,no
37765,no
33527,no
31131,no
37454,no
34640,no
32271,no
37479,no
26780,no
30112,yes
38832,yes
19238,yes
39933,no
37059,no
26643,no
10308,no
34145,no
17196,no
31485,no
29667,no
38140,no
10293,no
13584,no
39799,no
20107,no
27550,no
1138,no
25759,no
37924,no
31759,no
3402,no
27182,no
2334,no
17661,no
11933,yes
8011,no
11280,no
23652,no
23409,no
28938,no
23145,no
15792,no
15548,no
39676,yes
19204,no
20663,no
37084,no
13849,no
22209,no
3602,no
11111,no
1848,no
15526,no
33890,no
25465,no
10839,no
1404,no
11056,no
33338,no
8496,no
4525,no
3059,no
12784,no
21960,no
31387,no
12383,no
31521,yes
20032,no
10625,no
2520,no
38009,no
4265,no
5721,no
29025,no
7649,no
10175,no
2039,yes
2870,no
31533,no
22577,no
27777,no
15201,no
25314,yes
6771,no
37577,yes
22289,no
799,no
20582,no
27443,no
13044,no
2438,no
21603,no
39477,no
4370,no
29003,no
12167,no
36949,no
11825,no
9522,no
16902,no
23973,no
7600,no
6284,no
3764,no
14976,no
33504,no
21730,no
1897,no
6369,no
32926,no
6069,no
37574,no
23639,no
31337,no
32007,no
10545,no
31300,no
35672,no
27458,no
3012,no
3183,yes
35783,no
7807,no
17969,no
5405,no
23958,no
4335,no
19684,no
4442,no
4942,no
10051,no
740,no
10932,no
30191,no
29554,no
2780,no
7623,no
1492,no
4120,no
27221,no
12362,no
40787,yes
16849,no
3255,no
20516,no
41111,no
11247,no
30967,no
28441,no
2857,no
30121,no
20278,no
35441,no
28198,no
33832,no
12483,no
7653,no
30837,no
37380,no
25789,no
23539,no
21970,no
20179,no
20339,no
896,no
19947,no
39432,yes
7722,no
8185,no
31568,no
33537,no
38375,no
11491,no
27240,no
15994,yes
21994,no
1715,no
21861,no
29437,no
8517,no
36679,no
39841,yes
18722,no
32389,no
24305,no
6739,no
11811,no
38618,no
9013,no
23519,no
39007,no
12642,no
18945,no
36113,no
28095,no
13665,no
31514,no
5231,no
38792,no
35703,no
19854,no
18069,no
16271,no
17714,no
6678,yes
20486,no
6836,no
40945,yes
17753,no
18122,no
23269,no
2405,no
5798,no
10721,no
23866,no
8629,no
18749,no
39929,no
8397,no
30219,yes
14736,no
10456,yes
31466,no
5708,no
13349,no
36567,no
17226,no
18335,no
2468,no
5148,no
6940,no
7524,no
40736,yes
29148,no
40088,no
1789,no
10727,no
17860,no
4999,no
309,no
17822,no
37859,no
5808,no
7659,no
27625,no
26517,no
24244,no
12606,no
21725,no
32624,no
3229,no
15704,no
31440,no
16138,no
26435,no
24540,no
40266,yes
23848,no
167,no
13485,no
39386,yes
25273,no
37531,no
15520,no
35313,no
10165,no
18326,yes
9479,no
17155,no
37520,no
14588,no
29031,yes
10666,no
17529,no
345,no
26809,no
9345,no
12916,no
35967,no
6718,no
19472,yes
20924,yes
8929,no
8360,yes
6452,no
7266,yes
35137,no
37458,no
2123,no
32667,no
39119,yes
23492,no
11997,no
40862,no
9884,no
22723,no
1967,no
21202,no
32120,no
13600,no
39777,no
12134,no
25492,no
26011,no
31044,no
22833,no
26283,no
22053,no
36515,yes
31453,no
36582,no
36895,yes
29702,no
34394,no
40081,no
1149,no
8804,yes
5996,no
16487,no
17802,no
30210,yes
3057,no
25164,no
25004,no
15653,no
15300,no
39142,yes
4768,no
1196,no
30452,yes
39549,yes
23235,yes
21832,no
4924,no
23035,no
36326,no
5529,no
9392,no
35793,yes
37722,no
25223,no
5666,no
22248,no
6460,no
26375,no
7426,no
28456,yes
28634,no
36349,no
27375,no
10063,no
17835,no
22485,no
24319,no
2423,no
22009,no
8610,no
3519,no
37163,yes
22239,no
38719,no
6762,yes
16186,no
15981,no
31638,no
18227,no
12462,no
23927,no
2684,yes
22416,no
35488,no
37528,no
36975,yes
20644,no
2233,no
19674,no
29983,no
33789,yes
40343,no
20717,no
18244,no
954,no
40728,yes
30133,yes
6377,no
8448,no
21335,no
18149,no
13345,no
12797,no
27186,no
22777,no
24909,no
12371,no
34854,no
9767,no
30183,yes
36506,yes
28607,no
13361,no
3456,no
31736,no
32379,no
38565,yes
16126,no
34152,no
12203,no
22307,no
24174,no
20237,no
34381,no
37244,no
33544,no
33217,yes
23679,no
6912,no
28142,no
29039,no
27594,no
17138,no
27514,no
19384,no
19566,no
19301,no
38769,no
15509,no
19416,no
198,no
36352,yes
34648,yes
11532,yes
16617,no
38745,no
26108,no
4719,no
13855,no
24650,no
8670,no
26488,no
15225,no
23607,no
12953,no
10925,no
16932,no
868,no
34200,no
17605,no
829,no
34290,no
41073,no
26202,no
11427,no
30906,no
22607,no
4139,no
37995,yes
22713,no
27205,no
26063,no
31616,no
3280,no
8038,no
12973,no
23460,no
34982,no
39480,no
5033,no
6990,no
1466,no
3691,no
35565,no
13177,no
32826,no
36334,yes
20060,no
6972,no
26009,no
25582,no
23563,no
34098,no
19579,no
34282,no
4302,no
2434,no
34691,no
28452,no
14255,no
33689,no
38387,no
40105,yes
34067,no
24158,no
34923,no
26207,no
1791,yes
22455,no
11525,no
7023,no
8454,no
7169,no
9143,no
23731,no
8119,no
23512,no
34309,no
35599,no
17004,no
24652,no
25066,no
38331,yes
19247,no
32172,no
11992,no
17892,no
713,no
33873,no
888,no
29187,no
5002,no
35814,no
28371,no
27425,no
30921,no
4660,no
84,no
34354,no
37795,no
34600,no
3674,no
38327,yes
14212,no
3155,no
40590,no
25504,no
965,no
22866,no
16957,no
28797,no
2432,no
204,no
14972,no
5436,no
36661,yes
31070,no
32378,no
18454,no
28145,no
1390,no
40518,no
37100,yes
937,no
36010,yes
25922,no
3047,yes
40013,no
35456,no
35009,no
8267,no
11153,no
40237,no
8532,no
2337,no
37694,no
25243,no
34159,no
28776,no
34581,no
2622,no
15368,yes
1435,no
371,no
13827,no
13167,no
13165,no
23986,no
22737,no
18697,no
10860,no
20043,no
23486,no
27850,yes
40996,yes
32707,no
27275,no
27070,no
2705,no
34987,no
32603,no
12066,no
40097,yes
1533,no
32211,no
23036,no
26626,no
29246,no
9430,no
4865,no
35183,yes
23515,no
4249,no
5154,no
28316,no
34168,no
40075,no
39717,yes
31847,no
23457,no
21448,no
9283,no
17234,no
8837,no
196,no
27981,no
37369,no
13793,no
26440,no
8751,no
16968,no
9532,no
27647,no
5477,no
4075,no
11071,no
7450,no
35202,no
7605,no
28210,no
17819,no
10320,no
40579,no
11808,no
35469,no
17531,no
24339,no
33578,no
14909,no
15130,no
1624,no
40754,yes
18605,no
35270,no
26919,no
35996,no
19843,no
39159,yes
17750,no
37667,yes
29612,no
22761,no
27377,no
38732,no
38044,no
20155,no
37514,no
36475,no
5889,no
9582,no
10182,no
9875,no
3374,no
3415,no
2042,no
35477,no
26168,no
24614,no
40949,no
5428,no
9387,no
33654,no
38248,no
12184,no
25096,no
33608,no
19961,no
16440,no
34082,no
33419,no
19624,no
30226,no
12441,no
18555,no
18339,no
41098,yes
7330,no
24230,no
39902,no
24658,no
16026,no
19790,no
11209,no
38251,no
19884,no
30995,no
26306,no
31829,yes
36145,no
27522,yes
21814,no
25112,no
10451,no
3222,no
19546,no
2218,no
19526,no
40335,yes
31804,no
40838,yes
24341,no
4203,no
18337,no
30241,no
5735,no
1207,no
1658,no
3396,no
20532,no
24687,no
6006,no
17948,no
600,no
24924,no
9631,no
1236,no
40681,no
8055,no
26136,no
9045,no
22215,no
12704,no
895,no
28220,no
10817,no
18442,no
40360,yes
34529,yes
31085,no
35894,no
146,no
8103,no
11511,no
28432,no
705,no
6840,no
32140,no
1438,no
6137,no
38025,yes
17688,no
10460,no
6810,no
18839,no
12136,no
8732,no
18184,yes
33310,no
17466,no
37527,no
25302,no
12628,no
8095,no
15493,no
17439,no
16110,no
30778,no
39715,no
5080,no
8004,no
36685,no
12338,no
6758,no
32159,no
15419,no
11763,no
3562,no
21636,no
12611,no
21625,no
7626,no
34008,no
413,no
15963,no
21182,no
9852,yes
2492,no
29738,no
19874,no
16541,no
27756,no
21461,no
24348,no
30700,no
25713,no
19039,yes
503,no
19422,no
36240,yes
27685,no
9844,no
12455,yes
5979,no
17337,no
29343,no
16167,no
17122,no
8652,no
20399,no
24137,no
37010,yes
34922,no
23173,no
16739,no
26874,no
10360,no
11381,no
24567,no
29825,no
31900,no
19192,no
13308,no
18298,no
31354,no
34536,no
38433,no
7921,no
4036,no
17433,no
21967,no
29431,no
11711,no
22222,no
39358,no
28688,no
5615,no
12151,no
30682,no
16346,no
5935,no
25851,no
18112,no
21348,no
5460,no
21018,no
22730,no
6923,no
12533,no
18390,no
34440,no
17403,no
40384,yes
38241,no
34525,no
28955,no
11581,no
40172,yes
38692,yes
34603,no
6921,no
23798,no
31893,no
17307,no
39311,no
1892,no
7228,no
32673,no
17582,no
37704,yes
24403,no
28987,no
27586,no
35234,yes
17230,no
33458,no
8224,no
24048,yes
10761,no
2097,no
8256,no
37790,no
31355,no
33150,no
17740,no
27109,no
28342,no
5762,no
38693,yes
24371,no
10799,no
10992,no
5828,no
24289,no
4511,no
35904,no
30005,yes
20449,no
40795,no
19555,no
24470,no
36198,no
14002,no
28822,no
21597,no
13482,no
4654,no
36780,no
20571,no
12851,no
31861,no
30978,no
18047,no
1304,no
41151,yes
11073,no
32070,no
35292,no
12899,no
40587,no
16501,no
17489,no
17338,no
20260,no
14286,no
4728,no
17629,no
33477,yes
20747,no
19898,no
13198,no
31835,no
22494,no
30073,no
17126,no
23497,no
40872,yes
23141,no
2013,no
25155,no
24433,no
19430,no
11687,no
40922,no
8775,no
14787,yes
1704,no
40290,no
33017,no
21808,no
34890,no
35738,no
25264,no
18252,no
33086,no
812,no
1342,no
9654,no
32869,no
6156,no
12212,no
14720,no
16508,no
5093,no
21082,no
34852,no
12016,no
15608,no
12849,no
40826,no
1764,no
4623,yes
2985,no
22043,no
20881,no
36467,yes
7434,no
25700,no
9486,no
20894,no
5457,no
7518,no
1465,no
21186,no
6191,no
29731,no
34968,yes
15241,no
11349,no
33460,no
33052,no
21323,no
22758,no
4770,no
31768,no
4620,no
22700,no
23762,no
30718,no
21533,no
1109,no
7270,no
33058,no
20182,no
7689,no
23627,no
9228,no
31298,no
30166,no
18116,yes
28531,no
19241,no
199,no
20499,no
20713,no
34321,no
241,no
37883,no
6664,no
38462,yes
35504,no
32039,no
26708,no
1214,no
3387,no
16977,no
40900,yes
28829,no
1040,no
1622,no
33253,no
17498,no
22940,no
5138,no
29046,no
8215,no
26254,no
24696,no
13070,no
32918,no
883,no
17631,no
38558,yes
18604,no
17540,no
1509,no
40941,yes
1959,no
24566,no
35788,no
30220,yes
22213,no
36656,yes
32643,no
26759,no
25422,no
1672,no
17136,no
19461,no
18451,no
15170,no
3411,no
23432,no
4708,no
21913,no
16411,no
35061,no
13107,no
29153,no
12372,no
18299,no
115,no
20830,no
9867,no
14644,no
1512,no
19080,no
33112,no
30357,yes
27637,no
27171,no
2474,no
36703,no
34034,yes
18691,no
30492,no
33198,no
38271,no
16051,no
28898,no
10121,no
34688,no
33084,no
25065,no
20251,no
7273,no
2923,no
14884,yes
34489,no
27176,no
32605,no
16498,no
1343,no
30197,yes
19433,no
15182,no
9008,no
537,no
21899,no
15460,no
11953,no
16585,no
30623,no
28195,no
17679,no
33988,no
30756,no
14359,no
1618,no
16961,no
21575,no
16420,no
11000,no
30735,no
12405,no
15286,no
18731,no
6978,no
24457,no
35774,no
34213,yes
14709,no
7030,no
30704,no
6324,no
3417,no
16859,no
7506,no
40346,no
32902,no
38940,no
35242,no
38612,yes
27928,no
27446,no
36760,yes
23783,no
23720,no
2761,no
27683,no
29228,yes
37488,no
2816,no
35095,no
35374,no
23054,no
14404,no
14818,no
21150,no
13623,no
16903,no
26452,no
5472,no
41077,yes
18867,no
22098,no
28557,no
6737,no
21953,no
20756,yes
16205,no
130,no
37644,no
39907,yes
17994,no
23134,no
38104,yes
35736,no
40692,yes
3450,no
36339,no
18205,no
29119,no
4751,no
14593,no
26193,no
39781,no
16112,no
25089,no
19691,no
15875,no
26184,no
33431,no
12757,no
3429,no
40006,no
1640,no
25826,no
24526,no
12873,no
23393,no
3330,no
7026,no
838,no
3253,no
31937,no
24560,no
27041,no
9216,no
32021,no
5617,no
26437,no
13417,no
16060,no
27364,no
11216,no
7916,no
7904,no
38961,yes
29698,no
35340,no
7599,no
35258,no
32133,no
24100,yes
30280,no
36746,no
9043,no
35430,no
14349,no
17720,yes
17712,no
39236,no
3963,no
22349,no
10020,no
22994,no
25236,no
23540,no
37072,no
6692,no
20862,no
3709,no
9105,no
39795,yes
28171,no
4889,no
14087,no
2786,no
22039,no
1406,no
14609,no
37569,no
28832,no
38622,no
28468,no
30455,no
7223,no
35662,no
5281,no
24416,no
18130,no
10714,no
40476,yes
30152,no
24133,no
28919,no
27067,no
17803,no
19893,no
33567,no
38285,no
7152,no
40990,yes
13229,no
28124,no
3004,no
2627,no
1348,yes
5626,no
674,no
9983,no
32478,no
18391,no
30865,no
33754,no
21137,no
38181,no
14991,no
5900,no
39530,yes
13353,no
23814,no
24979,no
4821,no
23416,no
14085,no
26512,no
14575,no
30325,no
5333,no
39992,yes
35636,no
23292,no
31113,no
15651,no
17782,no
6438,no
39650,yes
18400,no
15552,no
21692,no
15832,no
25495,no
4235,no
22124,no
30811,no
8190,no
26790,no
15794,no
28263,no
13747,no
2373,no
14219,no
15995,no
38026,yes
1369,no
32581,no
7346,no
29928,no
16036,no
19213,no
16973,no
18581,no
37907,no
13807,yes
12630,no
28526,no
1454,no
30600,no
23267,yes
16496,no
25712,no
40165,yes
10211,no
31023,no
32205,no
9231,no
17316,no
31652,yes
19708,no
22111,no
27344,no
11098,no
30596,no
6560,no
32523,no
4400,no
31262,no
6412,no
39245,yes
22341,no
20000,no
29460,no
29901,no
34364,yes
17141,no
39665,no
26513,no
40758,yes
10050,no
39097,no
35710,no
36293,no
3093,no
1016,no
22873,no
31910,no
20489,no
31124,no
34027,no
5082,no
35951,no
11725,no
10168,no
32221,no
36751,no
12382,no
27704,yes
516,no
14558,no
26550,no
38643,yes
15855,no
9860,no
11604,no
35799,no
25325,no
15865,no
10948,no
31979,no
34361,no
9014,no
2194,no
31971,no
30644,yes
4971,no
35692,no
4619,no
6675,no
15652,no
33817,no
26523,yes
19806,no
30033,yes
24462,no
29428,no
3891,no
16867,yes
1856,no
28845,no
13128,no
17098,no
12426,no
17718,no
37218,yes
39832,no
18063,no
31417,no
12121,no
10855,no
6587,no
36850,yes
18478,no
2662,no
36073,no
10449,no
24764,no
5801,no
24507,no
38292,no
12749,no
2146,no
32846,no
742,no
11969,no
19165,no
4563,no
10037,no
32607,no
40958,no
31916,no
13647,no
14548,no
19157,no
40532,no
39014,yes
10872,no
30199,no
35302,no
38291,no
29915,no
31649,no
8545,no
22951,no
168,no
20222,no
12349,no
32694,no
32503,no
11132,no
8199,no
18162,no
17117,no
21695,no
8865,no
37065,no
4873,no
35849,no
34250,no
5741,no
22626,no
141,no
15592,no
9374,no
7007,no
31330,no
2488,no
37177,no
3871,no
2631,no
2762,no
7843,no
22608,no
3317,no
7683,no
20593,no
11946,no
40406,yes
6866,no
11827,no
36618,yes
34109,no
19246,no
35664,yes
31730,no
4762,no
39878,no
37264,no
31513,no
38978,no
382,no
26812,no
18657,no
33137,no
7268,no
23884,no
24959,no
38793,yes
8701,no
1620,no
15173,no
5699,yes
17283,no
22336,no
9471,no
16580,no
6581,no
4979,no
9812,no
28624,yes
35279,no
7119,no
4355,no
3854,yes
4100,no
13612,no
15899,no
11744,no
28620,no
197,no
13740,no
9015,no
9437,no
35854,no
159,no
10748,no
4706,no
35013,yes
5696,no
1555,no
28645,no
29739,yes
37190,no
13366,no
16692,no
11561,no
11448,no
20125,no
34044,no
36439,yes
12168,no
21466,no
16909,no
26765,no
36223,no
34088,yes
8887,no
14658,no
4967,no
961,no
24834,no
26957,no
26681,no
35468,no
9317,no
6022,no
6817,no
7956,no
18566,no
27477,no
35274,no
12250,no
13235,no
1049,no
250,no
6064,no
25187,no
26647,no
21317,no
35364,no
11835,no
31833,no
13614,no
11849,no
6031,no
8539,no
4788,no
14183,no
26327,no
5365,no
14192,no
20758,no
19758,no
7952,yes
40621,no
8940,no
8588,no
2534,no
36870,yes
34667,yes
35815,no
3822,no
16277,no
13526,no
41163,yes
8286,no
23010,no
20584,no
39885,yes
1101,no
8233,yes
20604,no
23570,no
15904,no
23453,no
13525,no
30064,no
34745,no
4310,no
29871,no
19548,no
18888,no
20996,no
36677,yes
23005,no
1035,no
40585,yes
31643,no
14317,no
28108,no
28722,no
870,yes
27260,no
31722,no
32698,no
13750,no
14407,no
19533,no
37210,no
13460,yes
25896,no
13752,no
38885,yes
34154,no
1227,no
1150,no
39423,yes
33998,no
12360,no
36493,yes
13912,no
37319,no
10237,no
18230,no
15263,no
11013,no
2844,no
6287,no
16234,no
39351,no
30066,no
27650,no
18500,no
4558,no
40276,yes
38715,yes
27785,no
7865,no
25247,no
14701,no
12428,no
14759,no
41146,yes
25075,no
11804,no
10076,yes
2388,no
14393,no
17794,no
11282,no
38034,yes
13751,no
39551,yes
11529,yes
1727,no
11029,no
36058,no
16376,no
26893,no
32898,no
27734,yes
14552,no
1677,no
4018,no
2404,no
23523,no
4447,no
40413,yes
23139,no
6717,no
7217,no
2709,no
34155,no
37778,no
39967,no
33585,no
1687,no
19578,no
39472,yes
5614,no
34064,no
31942,no
32005,no
13435,no
35982,no
33075,no
17119,no
7124,no
39863,yes
38482,no
20145,no
3355,no
39374,no
18165,no
3033,no
13506,no
38685,yes
370,no
27500,no
25583,no
29759,no
22588,no
5101,no
18028,no
36882,no
9573,no
38734,no
28713,no
24926,no
9948,no
35546,no
16712,no
10023,no
7375,no
32324,no
28046,yes
18894,no
14855,no
10167,no
12264,yes
19263,no
26858,no
11510,no
27351,no
19262,no
11955,no
31755,no
32032,yes
2080,no
17089,no
41104,no
28574,yes
26830,no
23533,no
28133,no
10756,no
29837,no
36052,yes
38471,no
9002,no
1550,no
34961,no
10711,no
20029,no
11668,no
29388,no
34188,no
38524,no
34298,no
39869,yes
22066,no
1609,no
7579,no
8605,no
32709,no
11706,no
6707,no
31589,no
13156,no
2661,no
28372,no
18707,no
29904,no
26087,no
7250,no
39145,yes
39785,yes
14698,no
24823,no
12080,no
18864,no
5170,no
28192,yes
6968,no
7162,yes
33616,no
2409,no
7149,no
11592,no
20970,no
20521,no
20272,no
34124,no
7594,no
34306,no
32647,no
28285,no
11131,no
19935,no
12944,no
25127,no
13779,no
11859,no
39155,yes
38117,yes
18896,no
38049,no
21596,no
16719,no
8585,no
20338,no
38971,no
37491,no
628,no
29691,no
21883,no
6892,no
34728,no
17151,no
32578,no
2093,no
7738,no
35883,yes
39680,yes
17124,no
12771,no
31084,no
36319,no
312,no
39296,no
13104,no
18959,no
19389,no
20735,no
4251,no
22670,no
27841,no
21606,no
39968,no
15540,no
27958,yes
6177,no
19957,no
30902,no
36602,yes
13186,yes
13295,no
29108,no
4257,no
283,no
32947,no
20079,no
38797,yes
314,no
37844,no
38264,no
34526,no
28007,no
2775,yes
24365,no
14530,no
11294,no
5975,no
36795,no
38988,no
16272,no
28522,no
25568,no
34279,no
1332,no
36777,yes
26248,no
3393,no
39461,no
6344,no
33145,no
25797,no
24037,yes
8468,no
14854,no
19440,yes
14713,no
16608,no
31028,no
11189,no
26322,no
17970,no
40003,no
6407,no
10518,no
14639,yes
32423,no
26068,no
24667,no
19635,no
40166,no
26982,no
6078,no
34943,no
14007,no
29450,no
24283,no
34683,no
13477,no
17507,no
28551,no
17918,yes
35028,no
19668,no
8105,no
38032,no
6184,no
22498,no
30264,no
38628,yes
17500,no
39500,yes
9539,no
21215,no
11794,no
24565,no
32562,no
21930,no
1070,no
34438,no
14749,no
1781,no
9970,no
17394,no
212,no
37227,yes
2040,no
5898,no
6558,no
33307,no
39945,no
13916,no
29361,no
156,no
20781,no
31805,no
24193,no
10553,no
40567,yes
7196,no
4907,no
19685,no
195,no
39849,yes
1665,no
23810,no
25654,yes
13233,no
32280,no
5499,no
19885,no
16560,yes
18084,no
30421,yes
20535,no
7343,no
14603,no
32461,no
4372,no
4866,no
16171,no
25837,no
33803,no
24200,no
34433,yes
21053,no
10895,no
16850,no
27966,no
12726,no
37494,no
39016,no
26262,no
3818,no
39834,yes
23587,no
7396,no
31329,no
15458,no
32156,no
32612,no
20385,no
24791,no
16005,no
36561,yes
11976,no
33573,no
4551,no
24779,no
30170,no
9226,no
29338,no
34652,yes
34031,no
19530,no
7696,no
18392,no
27596,no
3230,no
3936,no
13443,no
28501,no
5951,no
5577,no
8357,no
28471,yes
12127,no
16970,no
35813,yes
21092,no
37443,no
2773,no
11856,no
36096,no
16424,no
39482,no
40550,no
426,no
872,no
35674,no
32372,no
16718,no
38004,yes
720,no
29863,no
25123,no
29309,no
31742,no
23484,no
23532,no
692,no
18493,no
15867,no
4795,no
40942,yes
12920,no
34563,no
8934,no
23842,no
33288,no
6484,no
7771,no
26851,no
34241,no
39786,yes
9659,no
41060,no
4948,no
10580,no
18439,no
17415,no
23719,no
29626,no
21599,no
11440,no
26069,no
6602,no
20080,yes
22691,no
37643,yes
40490,yes
25507,no
30556,no
25716,no
19133,no
1235,no
35357,no
29958,no
30796,no
36554,no
21104,no
27254,no
16399,no
5564,no
24592,no
8696,no
33955,no
1978,no
11145,no
23518,no
213,no
6356,no
22156,no
3525,no
11839,no
8422,no
29862,no
35635,no
39962,yes
37476,no
8782,no
25649,no
13957,no
6505,no
22082,no
5648,no
28850,no
31493,no
24302,no
20865,no
14419,no
8719,no
16883,no
30731,no
7148,no
20323,no
40288,no
2776,no
8891,no
30440,no
4503,no
12608,no
2723,no
32404,no
39022,no
39229,no
20178,yes
5886,no
37365,no
1923,no
21290,no
29582,no
2083,no
1418,no
10565,no
22199,no
29173,no
30696,no
735,no
32973,no
23295,yes
14840,no
15745,no
38445,yes
33765,yes
31557,no
11661,no
23745,no
4504,no
35512,no
22153,no
38924,no
40269,no
6641,no
7220,no
15821,no
9340,no
22913,no
4584,no
30305,no
19939,no
12024,no
36300,yes
9475,no
28444,no
17035,yes
30858,no
6684,no
8479,no
28064,no
5264,no
41000,yes
17923,no
40016,no
37292,yes
5880,no
24509,no
24994,no
31229,no
22487,yes
27013,no
25018,no
347,no
27062,no
22457,no
8065,no
24050,yes
39049,no
4069,no
23770,no
14686,yes
37205,yes
33756,no
7941,no
7584,no
26813,no
24948,no
31994,no
28802,no
15183,no
25157,no
38412,no
34805,no
32388,no
39506,no
38975,yes
878,no
19825,no
11146,no
35461,no
7460,no
2444,yes
16325,no
35901,no
21925,no
39032,yes
37613,yes
40160,no
24506,no
15562,no
31819,no
17935,no
34605,no
24467,no
28622,no
7949,no
37176,no
39100,no
13900,no
20395,yes
39820,yes
16564,no
11142,no
36266,no
28663,no
11127,no
31338,no
17339,no
30725,no
29946,no
25487,no
25833,no
18334,no
35446,no
39116,yes
29696,no
38107,yes
32068,no
19017,no
28803,no
4981,no
7103,no
34915,yes
17920,yes
20077,no
7194,no
31569,no
100,no
7589,no
38541,yes
15917,no
38814,no
23501,no
23281,no
16663,no
40173,no
2125,no
8772,no
3478,no
4953,no
17754,no
20858,no
7628,no
11482,no
3835,no
32935,no
17025,no
37874,no
12946,no
33701,no
10143,no
24656,no
23353,no
10854,no
35315,no
16725,no
6501,no
14172,no
20554,no
13495,no
15547,no
21022,no
26607,no
6998,no
4774,no
22688,no
13568,no
1722,no
20854,no
39689,no
14800,no
5965,no
14264,no
27665,no
6981,no
23708,no
11275,no
16436,no
31233,no
12398,no
33196,no
30830,no
23779,no
7945,no
25764,no
22155,no
22134,no
16759,no
30579,no
21220,no
2089,no
31045,no
25442,no
16208,no
31721,no
5038,no
1475,no
8676,no
12385,yes
28352,yes
34609,no
28882,no
33255,no
26111,no
37997,yes
20116,no
3821,no
23644,no
8551,no
35433,yes
5610,no
4627,no
22980,no
12919,no
37358,no
33315,no
28658,no
32646,no
29284,yes
9385,no
26171,no
21233,no
27427,no
13145,no
33884,yes
38833,no
29158,no
27237,no
17909,no
39911,yes
21483,no
40356,yes
11192,no
17807,no
31306,no
4444,no
30355,no
8722,no
4195,no
23574,no
2958,no
34412,no
14507,no
20923,no
35902,no
30694,no
6132,no
25677,no
30375,no
10536,no
30944,no
21767,no
31845,no
2291,no
18586,no
35618,no
33738,no
25058,no
25626,no
5872,no
26139,no
22533,no
28636,no
2879,no
18683,no
34781,no
35319,no
27631,no
40940,yes
34845,no
6570,no
32147,no
31545,no
17348,no
23129,no
14968,no
12407,no
1033,no
28727,no
28219,no
25474,no
35680,no
10567,no
2991,no
21090,no
640,no
13945,no
21938,no
36421,yes
33164,no
23721,no
31120,no
35120,no
19853,no
17225,no
20800,no
32076,no
29636,no
25927,no
14721,no
33900,no
38549,no
16065,no
12437,no
30711,no
27873,yes
33057,no
33536,no
32767,no
17021,no
28758,no
36115,no
8228,no
19018,yes
39879,yes
6520,yes
15245,no
18666,no
40452,yes
17955,no
28445,no
5914,no
13685,yes
18189,no
12655,no
5929,no
29157,yes
37789,yes
8208,no
22678,no
30397,yes
20263,no
30352,no
28515,no
19147,no
9003,yes
40719,no
28333,no
19556,no
37232,yes
36524,no
398,no
32730,yes
11692,no
31152,no
22175,no
41007,yes
36031,no
5210,no
18738,no
15736,no
3837,no
30023,yes
28948,no
28025,no
13843,no
11444,yes
11102,no
30792,no
3867,no
17423,no
28632,yes
29202,yes
7550,yes
11899,no
14867,no
31385,no
38048,no
10583,no
31308,no
5913,no
2652,no
19568,no
39418,yes
26720,no
13490,no
28262,no
13635,no
29614,no
30662,no
9090,no
30200,yes
20290,no
23967,no
8584,no
2658,no
16293,no
33821,no
23891,no
4557,no
25486,no
11123,yes
36608,yes
17703,no
34706,no
5653,no
36992,no
4378,no
28870,yes
6492,no
20038,no
20044,no
40257,no
365,no
9579,no
31052,no
40453,no
39301,no
20464,no
41156,yes
10792,no
24905,no
37796,no
23846,no
35407,no
29376,no
3729,no
36417,no
226,no
23593,no
26814,no
8966,no
18074,no
31920,no
32217,no
393,no
37039,no
24210,no
40185,no
35882,yes
1277,no
33034,no
14433,no
38577,no
26594,no
29898,no
24786,no
23524,no
2397,no
1479,no
10499,no
17558,no
22125,no
16933,no
1583,no
20887,no
3406,no
17208,no
33185,no
38438,yes
14594,no
1711,no
20083,no
15265,no
1477,no
19484,no
30780,no
17063,no
20560,no
4019,no
6020,no
20485,no
26817,no
18140,no
6327,no
11760,no
16648,no
12257,no
37672,no
27701,no
36723,yes
11612,no
8008,no
3918,no
34637,no
37226,no
23485,no
25659,no
31832,no
34909,no
16181,no
10219,no
3032,no
23018,no
24264,no
13810,no
1855,no
35528,no
13792,yes
17560,no
18515,yes
10463,no
12901,no
16557,no
12893,no
18897,no
27680,no
9036,no
4096,no
30699,no
9362,no
40424,yes
22736,no
17188,no
22075,no
13908,no
25509,no
15133,no
23398,no
31576,no
40227,yes
30741,no
21712,no
17422,no
39396,yes
5257,no
13300,no
19679,no
8262,no
8151,no
15461,no
16792,yes
9110,no
11236,no
5579,no
1536,no
39769,no
11882,no
38617,no
22669,no
13930,no
1654,no
558,no
17898,no
2031,no
27941,yes
2152,no
39914,yes
11509,no
20286,no
15211,yes
415,no
4386,no
5089,no
21890,no
20396,no
19295,no
31575,no
20318,no
9511,no
39345,no
37775,no
20131,no
23297,no
18596,no
538,no
38559,no
13643,no
16409,no
13547,no
33952,no
40584,yes
3917,no
18426,no
13909,no
32027,no
16886,no
19613,no
30358,no
30400,yes
8379,no
23758,no
18174,yes
15177,no
28677,no
9519,no
18721,no
32756,no
39814,no
25561,no
19321,no
17278,no
16066,no
36489,no
17788,no
9417,no
33234,no
35102,no
31322,yes
25844,no
35583,no
8085,no
7515,no
35947,no
29181,no
14506,no
2365,no
29655,yes
29419,no
10766,no
12546,no
18185,no
13204,no
26661,no
38513,no
40168,yes
29503,no
9889,no
11952,no
38413,no
8418,no
26886,no
13791,no
12341,no
35520,no
12512,no
34604,no
22690,no
27422,no
5956,no
5535,no
13918,no
4964,no
1298,no
27696,no
1582,no
4913,no
13147,no
26779,no
6588,no
22404,no
8977,yes
29594,no
21680,no
30003,yes
2624,no
2785,no
34569,no
14295,no
33586,no
2826,no
23097,no
21239,no
12100,no
16349,yes
40034,no
23356,no
14246,no
35501,no
11289,no
15146,no
36698,no
27790,yes
8184,no
32872,yes
29205,no
25034,no
17624,no
31285,no
12911,no
28989,no
32169,no
30815,no
38526,no
9783,no
36402,no
36563,no
31122,no
15421,no
17267,yes
8730,no
31038,no
474,no
28439,no
8333,no
40934,no
39815,no
32165,no
18411,no
20001,no
13553,no
15765,no
27133,no
35062,no
13802,no
13309,no
32701,no
23919,no
41155,no
35696,no
20541,no
36203,no
6763,no
22314,no
36442,no
37740,no
20089,no
19643,no
35042,no
7634,no
23806,no
8254,no
16607,no
2238,no
36265,yes
2626,no
31793,no
8763,no
13195,no
2359,no
30311,yes
21543,no
12423,no
21221,no
6081,no
22279,no
6989,no
27493,no
20503,no
26583,no
500,no
1391,no
1568,no
29492,no
501,no
19475,yes
34873,no
33964,no
26983,no
25566,yes
11741,no
7315,no
21316,no
11578,no
34081,no
40648,yes
16059,no
37028,no
38312,yes
5657,no
13414,no
36484,no
39126,no
39191,yes
29727,no
37853,yes
24356,no
14423,no
15302,no
1754,no
38098,no
16073,no
26601,no
4841,no
13056,no
1287,no
25595,no
13367,no
10696,no
10858,no
33548,yes
38552,yes
33643,no
26754,no
32981,no
31468,no
20452,no
22205,no
13622,no
22740,no
936,no
22580,no
29536,no
37723,yes
18546,no
14057,no
24515,no
41082,no
11344,no
29209,no
39221,yes
3272,no
32445,no
6383,no
27311,no
34285,no
18264,no
12594,no
37195,no
21372,no
4785,no
30772,no
11183,no
37816,yes
11072,no
32299,no
33746,yes
14194,no
34106,no
38066,no
5739,no
36099,no
29550,no
38135,no
5398,no
8507,no
27669,no
38873,no
2671,no
27899,yes
30149,yes
19638,no
29777,no
8401,no
39646,yes
40248,no
28701,yes
28862,no
33479,yes
2952,no
26358,no
3659,no
40368,yes
9775,no
30770,no
28294,no
12703,no
20019,no
21905,no
30459,yes
7598,no
7059,no
1497,no
23434,no
10266,no
34190,no
15879,no
12025,no
3036,no
3985,no
6357,no
6814,no
25960,yes
32080,no
38303,no
36572,no
28205,no
25690,no
36028,no
20071,no
18853,no
40870,yes
19983,no
31164,no
17383,no
2169,no
25750,no
20199,no
26016,yes
14476,no
23380,no
15816,no
7035,no
27978,no
20819,no
37236,yes
25050,no
6728,no
11761,no
27266,no
4806,no
3451,no
2814,no
1410,no
18883,no
30614,yes
12064,no
7783,no
751,no
40303,no
2460,no
27534,no
35526,no
11818,no
19890,no
26762,no
33054,no
18467,no
27783,no
27555,no
14462,no
14046,no
29193,no
15825,no
31139,yes
12915,no
1223,no
4763,no
24414,no
33825,no
30485,no
28051,no
38716,yes
21622,no
28972,no
3782,no
10571,no
7586,no
2072,no
14891,no
27787,yes
6274,no
27288,yes
9229,no
34832,no
39328,yes
492,no
1716,no
35502,no
16209,no
38723,yes
39241,no
35734,no
12625,no
30661,no
10569,no
12676,no
35750,no
13216,no
35616,no
19150,no
8835,no
792,no
10265,no
17610,no
35222,no
31313,no
6424,no
11686,no
15986,no
11775,no
9837,no
18183,no
27947,no
5468,no
30528,no
29851,no
38193,no
18176,no
38492,no
6086,no
5060,no
20965,no
23059,no
15941,no
21715,yes
32198,no
37945,no
26740,no
15685,no
29363,no
17399,yes
36770,yes
29252,no
19199,yes
38465,yes
32911,no
13548,no
4596,no
16612,no
11712,no
38802,yes
22965,no
35203,no
33522,no
1950,no
22290,yes
39469,no
40163,yes
39502,no
23504,yes
29456,no
18659,no
36183,no
28491,no
6781,no
14614,no
23395,no
3412,no
7700,no
14852,no
24660,no
8201,no
11762,no
4849,no
11719,no
26070,no
20726,no
15213,no
9809,no
27834,no
1293,no
18900,no
24584,no
14537,no
18972,no
40422,no
17871,yes
30632,no
39608,no
4132,no
10400,no
731,no
17938,no
6180,no
694,no
1974,no
16122,no
2881,no
19577,no
25416,no
2988,no
13230,no
33412,no
6273,no
15898,no
304,no
30399,yes
3232,no
31505,no
6872,no
17019,no
26451,no
19934,no
13875,no
30781,no
26773,no
8121,no
17544,no
1909,no
21173,no
12591,no
55,no
39281,yes
30306,no
32337,no
11797,no
28635,yes
2641,no
4796,no
12791,no
10496,no
39232,yes
5146,no
12687,no
10493,no
27900,no
19141,no
26913,no
20405,no
38821,yes
26287,no
33524,no
10277,no
8331,no
24068,yes
8387,no
35784,no
29553,no
11064,no
3734,yes
14309,no
40078,yes
26714,no
29990,no
1549,no
30403,yes
10654,no
30062,no
38535,no
33229,yes
17617,no
3238,no
12267,no
32559,no
34726,no
707,no
31068,no
23186,no
308,no
16558,no
30634,no
2718,no
29971,yes
20661,no
3649,no
29673,no
23044,no
35036,yes
34715,no
34995,no
12045,no
7351,no
9777,no
26429,no
5627,no
21545,no
38168,no
23547,no
39360,no
1852,no
24908,no
25161,no
5829,no
36003,no
2585,no
11231,no
24011,yes
3055,no
2519,no
10767,no
15746,no
39993,yes
8956,no
7221,no
11559,no
3787,no
28920,no
39348,yes
31571,no
19881,no
40600,no
12130,no
822,no
41078,yes
21051,no
34850,no
22353,no
40410,yes
28002,no
38609,no
11950,no
18741,no
19047,no
11979,no
24207,no
32016,no
35481,no
11521,no
34949,no
37436,no
13359,no
27770,no
8592,no
20710,no
33508,no
546,no
36692,no
37751,yes
14662,no
8921,no
3002,no
22230,no
32615,no
37955,yes
35624,no
25536,no
40469,yes
20985,no
32789,no
16310,no
24770,no
8806,no
10699,no
31441,no
29531,no
5444,no
11530,no
27884,no
29295,no
16255,no
37170,no
13358,no
14615,no
4659,no
7281,no
5387,no
21981,no
20466,no
14158,no
12866,yes
19156,no
20119,no
7581,no
40029,no
16629,no
20962,no
10256,no
16881,no
14481,no
5776,no
34595,no
34153,no
38875,no
10524,no
18065,no
23706,no
246,no
30076,yes
8524,no
38664,no
17186,no
264,no
24009,yes
28897,no
27883,yes
22409,no
32550,no
3828,no
35601,no
2151,no
13172,no
21627,no
31773,no
22981,no
39934,no
17818,no
34985,no
29992,no
13663,no
7005,no
33126,no
37812,no
23023,no
15688,no
19420,no
8365,no
13090,no
11481,no
26067,no
6002,no
29822,no
35941,yes
35987,no
11910,no
41079,no
10730,no
11770,no
34676,no
10517,no
35032,no
34938,no
5724,no
10961,no
14611,no
18970,no
8930,no
25560,no
21015,no
26665,no
15991,no
6765,no
9691,no
29526,no
6791,no
37526,no
14473,no
13980,no
24595,no
6514,no
8027,no
12255,no
7160,no
28674,no
6215,no
14946,no
9085,no
12564,no
5191,no
28027,no
39153,yes
20185,no
29156,no
17765,no
40557,yes
24896,no
9182,no
33515,yes
22042,no
14661,no
38457,yes
11773,no
18925,no
22150,no
16649,no
612,no
35211,no
29926,no
34023,no
11398,no
31240,no
906,no
26112,no
11137,no
23138,no
28233,no
15489,yes
37876,no
14533,no
31993,no
39125,yes
8814,no
39210,yes
16760,no
11717,yes
602,no
31320,no
36283,no
20026,no
38005,yes
14217,no
12515,no
27546,no
66,no
15496,no
34386,no
8160,no
25725,no
13255,no
3243,no
24330,no
41141,yes
33106,no
35822,no
28512,no
12877,no
29558,no
36668,no
12193,no
7383,no
21987,no
38597,yes
28739,no
28345,no
19324,no
12377,no
40633,no
19623,no
9945,no
20672,no
13080,no
4024,no
5144,no
3899,no
39505,yes
35108,no
9290,no
16878,no
11785,no
12015,no
8979,no
4207,no
38953,no
38959,yes
26793,no
27627,no
12651,no
36006,yes
38904,no
26017,no
26103,no
21077,no
14951,no
3338,yes
795,no
2594,no
11900,no
19217,no
7235,no
3654,no
26006,no
38507,no
5360,no
34070,yes
27488,no
8247,no
36621,no
37610,yes
9195,no
2848,no
10883,no
21848,no
35701,no
706,no
31234,no
14739,no
5871,no
583,no
32171,no
10823,no
3118,no
24569,no
36626,yes
15049,no
32682,no
20446,no
29645,no
39631,yes
26004,no
25944,no
9586,no
12561,no
4366,no
282,no
32118,no
27547,no
26753,no
36859,no
14474,no
28754,no
33430,no
23722,no
28039,no
7465,no
22181,no
35850,no
3826,no
25154,no
19645,no
8786,no
23937,no
1844,no
31270,no
2942,no
18266,no
851,no
8298,no
24787,no
12269,no
18363,no
16228,no
16247,no
28669,no
8039,no
34452,no
37786,no
38603,yes
35735,no
32332,no
23996,no
28003,yes
2004,no
680,no
38673,no
22993,no
6120,no
34464,no
30169,no
26486,no
30532,no
5370,no
40394,yes
1412,no
4621,no
16588,yes
684,no
28234,no
16736,no
25129,no
21632,no
15556,no
15515,no
15574,no
9592,no
17755,no
35976,no
23051,no
24039,no
31344,no
5021,no
37632,no
30480,no
40144,yes
27012,no
19509,no
1204,no
5906,no
17118,no
6597,no
29289,no
32576,no
9598,no
22661,no
34848,no
9001,no
18734,no
27117,no
17078,no
40923,no
25007,no
221,no
31389,no
14448,no
5711,no
21292,no
19832,no
28312,yes
24235,no
17690,no
21449,no
2920,no
9929,no
5748,no
17641,no
31324,no
24360,no
35206,no
587,no
25364,no
33250,no
36606,yes
35053,no
1157,no
14213,no
16218,no
26256,no
29336,no
29680,no
33687,no
38081,yes
3872,no
13653,no
14394,no
3844,no
18449,no
9643,no
8450,no
5727,no
9572,yes
16592,no
20008,no
29423,no
27510,no
31870,yes
3166,no
28420,no
12122,no
31165,yes
14798,no
17944,yes
24876,no
10716,no
14332,no
2756,no
33346,no
25894,no
29178,no
8516,no
21662,no
20167,no
22572,no
3971,no
5848,no
33600,no
23664,no
28350,yes
26829,no
7731,yes
29521,no
11100,yes
20526,yes
20215,no
37470,yes
32078,no
14475,no
16591,no
19487,no
37668,no
17816,no
36587,no
33626,no
6867,no
15833,no
863,no
31899,no
10252,no
36627,no
166,no
22451,no
905,no
14110,no
7559,no
18181,no
25272,no
28837,no
5456,no
24664,no
3981,no
18146,no
34187,no
9485,no
2185,no
11648,no
16920,yes
5751,no
18790,no
12830,no
35625,no
18556,no
20814,no
6151,no
1368,no
23754,no
12044,no
17656,no
3699,no
34545,no
11854,no
13950,no
20951,no
4921,no
12103,no
1746,no
18996,no
28407,yes
6217,no
5070,no
10642,no
3010,no
17553,no
11989,no
39219,yes
28009,no
20705,yes
3007,no
25375,no
19747,no
13202,no
40161,yes
39060,yes
23938,no
23100,no
27194,no
527,no
21613,no
29951,no
6195,no
13063,no
16945,no
36001,no
4125,no
9595,no
25434,no
17381,no
16864,no
11010,no
29387,no
20999,no
37650,yes
40853,no
27667,no
17017,no
15789,no
14063,no
27681,no
25854,no
15689,no
4554,no
1194,no
40254,no
37785,no
14983,no
22276,no
3472,no
31168,no
33481,yes
27290,no
28378,yes
28553,no
886,no
11184,no
5276,no
24889,no
24143,no
39047,no
6666,no
15292,no
4625,no
36468,yes
32816,no
20435,no
15000,no
39217,yes
6954,no
13419,no
29475,no
11614,no
29694,no
31752,no
39524,no
36960,yes
2632,no
39228,yes
37960,yes
34137,no
8820,no
11466,no
14848,no
13654,no
37768,no
5816,no
3321,no
16282,no
22949,no
26769,no
9621,no
4074,no
18147,yes
39137,yes
5366,no
38896,yes
32531,no
10652,no
32315,no
16061,no
25366,no
32415,no
5088,no
1011,no
26272,no
24157,no
23817,no
22619,no
28411,no
13077,no
39803,yes
1661,no
11263,no
9932,no
13936,no
5313,no
4205,no
39329,yes
6339,no
3910,no
12073,no
8622,no
27505,no
13250,no
29424,no
19662,no
30898,no
5770,no
15376,no
16331,no
9081,no
26189,no
29473,no
21227,no
26468,no
1935,no
28631,no
15095,no
29244,no
3875,no
901,no
27352,no
30913,no
11461,no
17457,no
36938,yes
34467,no
14784,no
15929,no
11009,no
7182,no
3524,no
20421,no
25828,no
32813,no
32830,yes
26977,no
26635,no
36584,yes
18994,no
40659,yes
20011,no
2202,no
36705,yes
17154,no
6057,no
6933,no
10405,no
34084,no
39467,no
26385,no
38918,no
20866,no
16722,yes
37675,yes
20430,no
19469,no
15524,no
5516,no
25751,no
27535,no
22757,no
27243,no
22030,no
34898,no
2485,no
21851,no
36721,yes
28915,no
17814,no
37952,yes
22806,no
8684,no
22445,no
35862,no
28808,no
2250,no
12647,no
7340,no
23812,no
17049,no
34513,no
5791,no
25550,no
33899,no
10762,no
4082,no
18511,no
26848,no
10588,no
78,no
4136,no
21253,no
40841,no
9065,no
38519,no
7431,no
7295,no
40143,yes
34932,no
35417,no
33496,no
17762,yes
5953,no
27737,yes
41166,yes
1276,no
7789,no
10120,no
164,no
22253,no
29929,no
32448,no
17532,yes
9575,no
4128,no
31444,no
14744,no
1694,no
3869,no
16390,no
28819,no
8049,no
7132,no
12574,no
18940,no
15871,no
2914,no
18095,no
7976,no
2126,no
39271,no
31166,no
20638,yes
28097,no
24053,yes
21996,no
18344,no
22427,no
30712,no
16033,no
6091,no
7283,no
36139,no
29458,no
22655,no
10303,no
16742,no
15087,no
31512,no
18627,no
22648,no
33061,no
67,no
38667,no
40449,yes
21054,no
30569,no
39833,no
18582,no
18304,no
20857,no
28465,no
26485,no
378,no
2246,no
27452,no
5743,no
17448,no
13642,no
10998,no
21891,no
32669,no
26609,no
35227,no
37592,no
12135,no
20214,no
9995,no
15768,no
12852,no
28893,no
40586,yes
25527,yes
11415,no
26730,no
34476,no
5246,no
39668,yes
15650,no
14292,no
33320,yes
17472,no
3344,no
7373,no
15549,no
3349,no
10422,no
37214,yes
26386,no
21214,no
24266,no
7496,no
1738,no
11515,no
32884,no
36644,no
10264,no
25194,no
8336,no
25068,no
26232,no
4255,no
4056,no
2951,no
15141,no
11723,no
40487,yes
14806,no
36304,no
29052,no
2961,no
10290,no
35652,yes
10690,no
18866,no
11483,no
1666,no
34759,no
35431,no
12453,no
20104,no
17040,no
24778,yes
29070,no
9537,no
35296,no
13203,no
32194,no
108,no
12965,no
19852,no
30449,no
27091,no
38600,no
14235,no
343,no
33999,no
7052,no
10508,no
23188,no
34295,no
9786,no
26151,no
17684,no
22944,no
34972,no
39277,yes
17995,no
15137,no
18294,no
10924,no
30785,no
38909,no
26656,no
37891,no
15219,yes
8816,no
2640,no
30621,yes
20563,no
32213,no
11215,no
40334,no
39160,yes
7133,no
31968,no
15340,no
13500,no
15822,yes
34385,no
12307,no
29139,no
8062,yes
32836,no
30589,yes
9205,no
16467,no
20794,no
27441,no
32508,no
9737,no
1183,no
31703,no
32317,yes
24563,no
27548,no
36261,no
22983,no
36637,yes
5570,no
34858,no
4715,no
3656,no
34811,no
15113,no
35473,no
26910,no
14776,no
16996,no
4824,no
38421,yes
30386,no
19043,no
21724,no
13905,no
15796,yes
33632,no
29506,no
5448,no
2513,no
4114,no
36805,yes
28398,no
36549,no
21157,no
36580,no
11106,no
7730,no
11570,no
34021,no
12132,no
421,no
26936,no
6770,no
24090,no
40868,yes
3190,no
9569,no
36404,yes
31946,no
32028,no
19788,no
16022,no
25585,no
7749,no
2580,no
36615,yes
12657,no
31648,yes
1333,no
3446,no
16320,no
17768,no
28771,no
5339,no
34301,yes
17038,no
38475,no
11750,no
11001,no
39976,yes
28111,no
24672,no
27864,yes
28430,no
23041,no
4709,no
26679,no
8423,no
13140,no
1870,no
19308,no
17861,yes
38964,yes
18446,no
19510,no
19105,no
24753,no
21373,no
3178,no
17772,no
36727,no
38358,yes
30909,no
40801,yes
1119,no
22094,no
40984,no
14716,no
19598,no
18809,no
31264,no
32745,no
9481,no
16928,no
35333,no
35247,yes
21936,no
33669,no
26333,no
37893,no
14177,yes
25637,yes
40708,no
7462,no
24234,no
34913,no
26192,no
39880,yes
27032,no
19862,yes
29266,no
14198,no
35766,no
31128,no
10845,no
12195,yes
943,no
19962,no
38065,no
23284,no
28842,no
20343,yes
21908,no
16826,no
29844,no
29981,yes
29752,no
11883,no
35261,no
38720,yes
19846,no
28224,no
288,no
12623,no
39238,no
3163,no
15071,no
38977,no
27342,no
24604,no
11396,no
9920,no
17568,no
26253,no
18260,yes
19725,no
17715,no
11087,no
38296,yes
37987,yes
37079,no
23058,no
17786,no
34248,no
7538,no
23124,no
38378,no
14269,no
16943,no
25971,no
8089,no
1952,no
24340,no
39020,yes
24527,no
29762,no
26098,no
40665,yes
1840,no
15217,no
9420,no
25702,no
35216,no
4029,no
17601,no
34327,no
3685,yes
5228,no
14851,no
24981,no
36559,no
22479,yes
6667,no
33247,no
31074,no
35281,no
22810,no
29433,no
17414,no
11866,no
6142,no
10110,no
33199,no
2201,no
456,no
28370,no
27829,no
34576,no
14323,no
21149,no
667,no
29090,no
10997,no
5092,no
11311,no
1632,yes
10192,no
3721,no
19093,no
22535,no
25244,no
28049,no
29584,no
38588,no
30029,no
6918,no
38439,yes
7514,no
15905,no
33427,no
12956,no
20978,no
10357,no
1077,no
29639,no
22015,no
3042,no
18457,no
21165,no
30540,no
12602,no
34157,no
33407,no
11079,no
18137,no
13894,no
8542,yes
11390,no
35779,no
1419,no
37376,no
17891,no
10991,no
5417,no
36235,yes
6506,no
34671,no
8976,no
38925,no
30664,no
18800,no
38758,yes
20605,no
29059,no
40087,no
22582,no
37083,no
36607,yes
10522,no
25770,no
25882,no
6485,no
29449,no
2159,no
39214,no
18907,no
16743,no
28481,yes
26974,no
27919,yes
5673,no
4164,yes
25537,no
2222,no
3664,no
13856,no
1608,yes
29416,no
30817,no
4423,no
33254,no
14298,no
9315,no
25463,no
24715,no
32176,no
39685,yes
14846,no
33440,no
17092,no
26497,no
14329,no
4421,no
29041,no
1839,no
18859,no
26638,no
2996,no
34307,no
6288,no
22709,no
7925,no
20782,no
17205,no
5391,no
1254,no
12118,no
13498,no
39186,no
1560,no
10657,no
32083,no
32462,no
28321,yes
22193,no
37628,no
18914,no
36543,no
33716,no
8318,no
17567,no
35543,no
21266,no
35008,yes
15151,no
12000,no
305,no
2051,no
18820,no
14545,no
33727,no
14147,no
23730,no
32799,no
5068,no
23280,no
20559,no
20074,no
8369,no
12709,no
22776,no
27794,no
6376,no
2257,yes
28511,yes
27516,no
2634,no
5609,no
14960,no
4026,no
4939,no
20693,no
12091,no
4232,no
27252,no
5874,no
35436,no
38523,no
7298,no
2502,no
21612,no
33261,no
11235,no
25310,no
3214,no
33949,no
33526,no
29439,no
38591,yes
31137,no
10212,no
27746,yes
14035,no
20762,no
948,no
11748,no
34136,yes
14042,no
3855,no
12262,no
28573,no
19346,no
5113,no
6711,no
2292,no
7001,no
29274,no
37889,no
25098,no
26169,no
19320,no
2912,no
39787,yes
399,no
5572,no
9987,no
25192,no
37441,no
9923,no
25614,no
29069,no
36851,no
14889,no
13554,no
38205,yes
15819,no
38178,yes
38169,no
37044,no
19092,no
34148,no
31677,no
7274,no
39302,no
13493,no
29852,no
38785,yes
40808,no
14997,no
38725,no
40823,yes
29245,no
27259,no
30422,yes
39607,yes
27388,no
20569,yes
24187,no
5340,no
9745,no
26411,no
22821,no
23136,no
10213,no
27476,no
30951,no
6166,no
29638,no
158,no
17613,no
13763,no
3257,no
11120,no
35395,yes
27739,no
39905,yes
18431,no
321,no
34752,no
19394,no
5780,yes
7656,no
17483,no
33922,no
1162,no
10769,no
3211,no
29288,no
19639,no
31538,no
16806,no
24381,no
33875,no
8699,no
36392,no
37382,no
8236,no
27691,yes
8225,no
11957,no
20094,no
31852,no
38722,yes
36135,no
7332,no
30359,yes
17437,no
22877,no
38610,no
40425,no
11589,no
6747,no
24489,no
29367,no
32288,yes
40060,yes
40114,yes
9177,no
25691,no
10424,no
4687,no
28308,yes
33588,no
28158,no
35238,no
13787,no
40058,no
36691,no
14106,no
9818,no
6659,no
27865,no
21708,no
1998,no
9596,no
3532,no
31714,no
11305,no
36837,no
22634,no
5435,yes
6673,no
24503,no
28971,no
28489,yes
37355,yes
37338,yes
7066,no
8991,no
19979,yes
9686,no
20998,no
5149,no
24842,no
15349,no
30795,no
9305,no
29425,no
11628,no
23255,no
25571,no
12306,no
39546,no
20513,yes
9427,no
13678,no
39042,yes
36816,yes
16641,no
33031,no
31079,no
36060,no
33700,no
22707,no
29403,no
8854,no
22765,no
1113,no
10081,no
12925,no
20495,yes
40936,no
2963,no
22507,no
24900,no
2167,no
37869,no
31199,no
33260,no
27622,no
26844,no
4171,no
11170,no
4279,no
39585,yes
5353,no
13852,no
34735,yes
2759,no
36318,no
5766,no
18757,no
14950,no
22172,no
22701,no
40072,no
21123,no
9453,no
33887,no
39094,no
8259,no
35525,no
23456,no
18860,no
3832,no
6301,no
21470,no
24917,no
6745,no
24056,yes
39310,no
35755,no
35372,no
6845,no
25734,no
9325,no
23092,no
32721,no
38344,no
27890,yes
24904,no
21541,yes
11947,yes
16830,no
9756,no
25160,no
20863,yes
37490,no
10429,no
33089,no
3022,no
2094,no
39897,no
32671,no
10853,no
26554,no
3941,no
22870,no
34074,no
15464,no
14051,no
20064,no
28229,no
21039,no
15089,no
17858,no
7077,no
22850,no
25767,no
31785,no
39573,no
26356,no
28134,no
39635,no
26747,no
9456,no
29165,no
39407,yes
12390,no
6644,no
31086,no
19692,no
32522,no
5823,no
37266,no
36437,no
13577,no
32189,no
12947,no
8803,no
14979,no
12241,no
27851,yes
28355,no
25706,no
34319,no
39780,no
5258,no
11930,no
31489,no
12833,no
17744,no
14387,no
18270,no
2244,no
23279,no
7201,no
1200,no
3383,no
25327,no
24475,no
21476,no
29143,no
22705,no
10504,no
2668,no
36707,yes
8821,yes
30145,no
40649,no
28728,no
20685,no
19490,no
18986,yes
32540,no
22995,no
29772,no
38124,no
31051,no
3200,no
23111,no
9797,no
1193,no
4789,no
39359,no
10349,no
35839,no
16289,no
37509,yes
15956,no
27102,no
21949,no
18458,no
11078,no
6829,no
22623,no
32429,no
33757,no
29873,no
30211,no
18101,no
30329,yes
15747,no
3819,no
29675,no
5480,no
1153,no
6609,no
25289,no
234,no
15823,no
26624,no
38656,yes
22068,no
10590,no
36015,no
24738,no
23990,no
34417,no
5949,no
27953,yes
35219,no
13878,no
37009,yes
24641,no
19180,no
34611,yes
31867,yes
37804,no
4227,no
16354,no
2164,no
34491,no
10752,no
20943,no
28698,no
21433,no
35650,no
25736,no
19418,no
14811,no
27796,no
16778,no
31744,no
31888,no
4495,no
11200,no
27165,no
26716,no
1862,no
35070,no
1403,no
36220,no
11889,no
5065,no
5414,no
36855,no
35349,no
31781,no
36360,yes
15443,no
27093,no
27748,yes
28993,no
34370,no
4698,no
26341,no
21484,no
39778,no
24063,no
33521,no
14102,no
22491,no
184,no
40514,yes
18770,no
16777,no
1773,no
1644,no
36463,yes
35392,no
18524,no
34827,yes
37064,no
37456,no
16510,no
30185,yes
33303,no
6262,no
34645,no
23839,no
6075,no
29789,no
20880,no
37925,yes
30675,no
32192,no
27980,no
8662,no
25261,no
21187,no
13579,no
24712,no
32841,no
37153,no
35103,no
27409,no
8025,no
28936,no
32645,yes
1573,no
7940,no
6844,no
27035,no
9032,no
25978,no
35918,no
24431,no
28399,no
16814,no
10856,no
13668,no
4347,no
21178,no
18856,no
19569,no
17269,no
23199,no
20293,no
15889,no
13126,no
19655,no
9391,no
26223,no
24220,no
31160,no
21954,no
28719,no
30148,yes
2225,no
1802,no
5709,no
1744,no
22306,no
38093,no
22241,no
29877,no
18580,no
1002,no
21222,no
17774,no
5238,no
24238,no
18222,no
13765,no
18263,yes
24734,no
20504,no
27608,no
36507,no
24488,yes
20827,no
5855,no
24272,no
6192,no
27138,no
23463,no
1292,no
14251,no
34658,no
36192,no
3521,no
15018,no
29144,no
37881,no
14583,no
36528,no
37729,yes
32525,no
32828,no
41178,yes
34405,yes
469,yes
38635,yes
1388,no
12220,no
9253,no
29047,no
1461,no
28175,no
37481,no
32292,no
26905,no
4221,no
9017,no
36282,no
39133,yes
6951,no
16625,no
21477,no
21402,no
20073,no
18664,no
40806,no
18104,no
24370,no
24841,no
18079,no
17209,no
17137,no
28330,no
30969,no
12675,no
3857,no
26529,no
19835,no
20085,no
18975,no
37002,yes
19132,no
22801,no
21132,no
4271,no
4722,no
31929,no
21120,no
37639,yes
37512,no
9419,no
5613,yes
6107,no
22223,no
13475,no
31243,no
35660,no
30997,no
16808,no
13923,no
25698,no
17100,no
36640,no
10106,no
19454,no
15564,yes
37005,yes
34436,no
40971,no
14866,no
31350,no
18103,yes
23176,no
1762,no
36641,yes
24913,no
37274,yes
24757,no
39340,yes
24843,no
20919,no
9413,no
20900,no
23346,no
2139,no
3188,no
36117,no
26822,no
39498,yes
33563,no
36276,no
20586,no
18571,no
24818,no
22318,no
27891,yes
7297,no
1903,no
1191,no
24453,no
11519,no
12386,no
36017,no
18873,no
20932,no
14497,no
25540,no
16,no
31659,no
1956,no
32801,no
22848,no
11376,no
16143,no
14306,no
15041,no
26503,no
28146,no
9416,no
33027,no
4700,no
1681,no
20861,no
20906,no
25942,no
24115,yes
8538,no
8822,no
38424,no
5345,no
26076,no
3197,no
21713,no
32690,no
6463,no
1799,no
19535,no
23447,no
17586,no
7408,no
9469,no
19167,no
15838,no
11059,no
6623,no
35880,yes
7045,no
5764,no
20700,no
17171,no
15053,no
16350,no
7289,yes
8277,no
3082,no
21687,no
33947,no
14936,no
15305,no
17636,no
13561,no
9009,no
11217,no
3863,no
24624,no
11302,no
9507,no
8255,no
21458,no
18061,no
17616,no
4131,no
14415,no
27462,no
7060,no
6340,no
7044,no
19912,no
430,no
9639,no
30134,yes
10950,no
39867,yes
28966,no
29163,no
16597,no
2878,no
29034,no
1890,no
7365,no
28140,no
19868,yes
25699,no
18038,no
30551,no
21439,no
783,no
11118,no
14993,no
38721,yes
9820,no
10824,no
8374,no
25510,no
38188,no
17282,no
17847,no
8720,no
18762,no
31426,no
18523,no
17706,no
19496,no
11139,no
29781,no
33293,no
39908,no
34917,no
32053,no
28156,yes
24224,no
10650,no
38905,no
19778,no
2736,no
31390,no
34549,no
2735,no
32387,no
10911,no
2215,no
2108,no
29568,no
38956,no
12420,no
14722,no
21688,no
3528,no
26845,no
38935,yes
21009,no
1308,no
1949,no
38174,no
30554,no
28476,no
10743,no
10157,yes
13393,no
24531,no
26042,no
14028,no
21197,no
36443,no
38590,yes
5712,no
10337,no
9232,no
15693,no
6548,no
5822,no
21076,no
28599,yes
27480,no
5590,no
13344,no
3157,no
17297,no
5096,no
33927,no
21131,no
30655,no
7526,no
19822,no
21156,no
16054,no
950,no
35555,no
24513,no
4196,no
25052,no
12874,no
20475,no
27123,no
23520,no
36950,yes
39604,yes
7522,no
27197,no
19507,no
20144,no
23002,no
4628,no
1766,no
13480,no
17873,no
21555,no
33877,no
1067,no
23769,no
4738,no
35050,no
7614,no
3975,no
17787,no
8034,no
25131,no
30884,no
24352,no
26368,no
13489,no
25639,no
3683,no
37700,no
36109,yes
18909,no
21583,no
39817,no
14311,yes
30240,no
36695,no
8895,no
36980,yes
6150,no
14634,no
8263,no
10591,no
17878,no
39679,no
5833,no
13782,no
24372,no
5119,no
30870,no
24346,no
23717,no
17798,no
28946,no
4560,no
31383,no
941,no
3461,no
29933,no
30141,yes
9147,no
17872,no
21181,no
30842,no
29746,no
31224,no
40983,no
12131,no
32186,no
21963,no
30993,yes
41161,no
27167,no
34910,no
14282,no
33105,no
38531,yes
8857,no
3931,no
24939,no
15692,no
34395,no
20938,no
4389,no
31427,no
17866,no
35605,no
28918,no
1230,no
36165,no
22434,no
7817,yes
26090,no
39713,no
31274,no
150,no
21777,no
19076,no
40043,yes
23906,no
10710,no
7761,no
9842,no
41088,yes
24294,no
9661,no
27040,no
26083,no
30864,no
13100,no
8056,no
8989,no
29146,no
29920,no
29742,no
16329,no
14735,no
11443,no
37713,yes
32526,no
15235,no
10900,no
36097,no
12917,no
8651,no
26783,no
15911,no
18201,no
4661,no
8231,no
39739,yes
19602,no
23073,no
17673,no
38422,yes
4684,no
4733,no
23522,no
13242,no
18681,no
20137,no
4407,no
30722,no
10160,no
18424,no
37429,no
2910,no
21600,no
1020,no
14932,no
2727,no
15077,no
28854,no
25810,no
19745,no
35391,no
32527,no
30908,no
9515,no
39489,yes
21557,no
30326,yes
11085,no
11359,no
879,no
37837,no
21978,no
21833,no
13155,no
25636,yes
40606,no
27145,no
7805,no
3802,no
4371,no
20502,no
5075,no
40552,yes
29544,no
35874,yes
8294,no
21552,no
14386,no
37738,yes
3309,no
25735,no
7243,no
14226,no
39180,no
20752,no
21388,no
17741,no
12166,no
18593,no
3452,no
41168,no
18978,no
16219,no
12296,no
29130,no
16493,no
31446,no
36688,no
15780,no
3480,no
41062,no
29881,no
39894,no
3468,no
5112,yes
31784,no
25090,no
3390,no
16568,no
34749,no
38185,no
31194,no
2379,no
11234,no
18465,no
8912,yes
33012,no
32416,no
18898,no
23598,no
8918,no
11597,no
30209,yes
33977,no
40510,yes
6929,no
29910,no
16809,no
31094,no
19836,no
7931,no
21366,no
40378,no
25254,no
275,no
19786,no
14109,no
39082,yes
39107,no
12096,no
7936,no
34556,no
18501,no
8961,no
13804,no
19581,no
8590,no
2033,no
35003,no
2480,no
22570,no
26311,no
38083,no
22440,no
3687,no
2550,no
28982,no
29005,no
14887,no
18071,no
13051,no
192,no
13529,no
6415,no
9339,no
40635,no
16375,no
36893,no
31800,no
28100,no
28961,no
5753,no
34195,no
4085,no
15826,no
15478,yes
8927,no
25346,no
25292,no
30783,no
2606,no
26282,no
12818,no
1917,no
37377,no
37413,no
25140,no
6941,no
278,no
35212,no
28110,no
15214,no
5773,no
16402,no
34650,no
41046,yes
28291,no
18483,no
2177,no
33385,no
28743,yes
25201,no
1137,no
35673,no
11025,no
25962,yes
23250,no
8615,no
19361,no
31076,no
4095,no
20252,no
12722,no
4357,no
679,no
29505,no
10229,no
31922,no
29840,no
37435,no
23081,no
7728,no
19323,yes
9383,no
31940,no
18906,no
37463,yes
24211,yes
25153,no
31950,no
39735,yes
1034,no
30507,no
23084,no
7856,no
16382,no
30658,no
25665,no
18196,no
27924,no
37617,no
24295,no
33457,no
36310,no
8392,no
20950,no
1108,no
23643,no
34454,yes
29160,no
25063,no
39726,yes
31256,no
30098,no
29471,no
22442,no
22849,no
38679,yes
10885,no
23727,no
10815,no
3901,no
8098,no
3246,no
411,no
27759,yes
26644,no
32060,no
26014,no
3886,no
41158,yes
36078,no
39655,no
30922,no
5390,no
16676,no
20191,no
26099,no
26465,yes
2610,no
18783,no
16668,no
31448,no
30393,yes
4152,yes
31655,no
6752,no
19444,no
10916,yes
27711,yes
20570,no
11680,no
17350,no
35706,no
12740,no
14250,no
9466,no
36375,yes
14380,no
33811,no
38893,yes
15249,no
40622,no
38889,yes
37975,no
7067,no
6643,no
11051,no
4482,no
26505,no
39433,no
12226,no
31848,no
26549,no
12211,no
2901,no
499,no
32274,no
27814,no
34638,no
15347,no
35273,no
1146,no
25469,no
25454,no
6011,no
17413,no
25587,no
29512,no
21370,no
12056,no
27219,no
8295,no
27620,no
39547,yes
14562,no
39926,no
33279,no
37328,no
17016,no
16538,no
21669,no
2095,no
29195,no
11981,no
7687,no
21480,no
30919,no
20980,no
40967,no
26564,no
34242,no
24766,no
3861,no
5857,no
10178,no
24222,no
11485,no
14719,no
7265,no
22985,no
5646,no
14762,no
38042,yes
38811,yes
29285,no
23033,no
6991,no
161,no
14477,yes
2453,no
13436,no
6320,no
26132,no
40637,no
31978,no
2012,no
9329,no
8964,no
22978,no
30782,no
33131,no
20100,no
21634,no
1285,no
22329,no
39041,yes
15730,no
24504,no
17863,no
35935,no
32617,no
7847,no
39272,yes
39361,no
35861,no
10899,no
26961,no
38206,no
179,no
7986,no
29204,no
83,yes
15144,no
14610,no
12964,no
2296,no
8614,no
1007,no
11824,no
25054,no
2076,no
9170,no
6768,no
12669,no
9495,no
26081,no
1569,no
16720,no
14017,no
19051,no
12853,no
21122,no
33561,no
17759,no
22907,no
12406,no
2790,no
1591,no
5123,no
40131,yes
29817,no
37384,no
22099,no
20362,no
2028,no
11795,no
11653,no
21456,no
18159,no
16341,no
4081,no
19740,no
33418,no
40222,no
10535,no
38516,yes
34593,yes
13796,no
8288,no
6906,no
14897,no
12598,no
26792,no
19170,no
25943,no
22362,no
4167,yes
6555,no
30097,yes
13507,no
2271,no
27964,no
27675,no
35134,no
21604,no
27210,no
14595,no
14618,yes
17206,no
27523,no
32790,yes
12783,no
11177,no
16044,no
3284,no
24426,no
3742,no
2898,no
5662,no
8164,no
7458,no
15999,no
23351,no
8020,no
27144,no
34299,no
15147,no
5280,no
13970,no
26802,no
10421,no
36576,no
14843,no
317,no
41102,no
19032,no
32202,no
25266,no
28927,no
21733,no
33363,no
25496,no
4756,no
34951,no
7483,no
35972,yes
16439,no
21342,no
29409,no
2810,no
553,no
15341,no
35268,no
26929,no
5920,no
40473,yes
31294,no
32286,no
5040,no
4934,no
25053,no
9304,no
15909,no
32430,no
5633,no
38152,no
20743,no
8198,no
14692,no
1099,no
20590,no
32750,no
22825,no
29607,no
37209,yes
2029,no
8278,no
21719,no
19251,no
10413,no
3922,no
23850,no
11983,no
9847,no
36407,yes
14037,no
6062,no
32769,no
40535,no
7466,no
6662,yes
2440,no
31595,no
38483,yes
21474,no
35707,no
13666,no
28572,yes
35527,no
14211,no
11221,no
9119,no
3131,no
35232,no
18537,no
24674,no
12940,no
25482,no
15533,yes
21464,no
20555,no
30630,no
20840,no
21931,yes
29850,no
8477,no
9660,no
21032,no
4804,no
28006,no
34101,no
37769,yes
38733,no
27354,no
33401,no
2306,no
11266,no
2416,no
7555,yes
20983,no
40428,yes
36840,no
6670,no
5263,no
12777,no
20397,no
27925,yes
27201,no
8048,no
23900,no
38921,no
8904,no
1409,no
11358,no
25128,no
25022,no
33046,yes
17424,no
20587,no
11555,no
12748,no
34539,no
31053,yes
17900,no
8306,no
9270,no
1733,no
34091,no
14504,no
9960,no
13774,no
41032,yes
3167,no
10775,no
23162,no
29730,no
1826,no
35989,no
32509,no
10127,no
18004,no
37087,no
9533,no
17327,no
28499,yes
32640,no
582,no
5970,no
9976,no
39544,yes
33438,yes
16802,no
6837,no
3587,no
20995,yes
3240,no
13004,no
19408,no
4962,no
22684,no
28031,no
18754,no
3850,no
34214,no
8729,no
9404,no
632,no
33289,no
28699,no
22766,no
35761,no
29930,no
733,no
33085,no
31816,yes
28113,no
14690,yes
30882,no
2982,no
15778,no
28190,no
32015,no
11948,no
25923,no
11328,no
27992,no
33009,no
25516,no
16769,no
37821,no
41138,yes
17143,no
22819,no
29176,no
3613,no
40780,yes
17711,no
2673,no
26713,no
6709,no
11941,no
19710,no
36547,yes
960,no
15694,no
31317,no
1962,no
3894,no
9100,no
36269,yes
17252,no
35489,no
39501,yes
29982,no
24443,no
4297,no
5053,no
5607,no
28520,yes
14825,no
20608,no
25064,no
37892,no
8855,no
12351,no
37464,no
3543,no
35161,no
24857,no
29830,no
1673,no
17954,no
40277,no
19282,no
6957,no
7727,yes
39390,yes
7139,no
32895,no
6635,no
29633,no
4602,no
18475,no
36509,yes
30061,no
36662,yes
5042,no
6353,no
40440,yes
6111,no
36841,no
23200,no
28644,no
12037,no
5612,no
38991,no
14108,no
31442,no
18629,no
3753,no
30018,yes
41003,yes
26590,yes
4689,no
33580,no
37545,no
28650,no
14232,no
26167,no
4116,no
3388,no
12934,no
21438,no
5595,no
21136,no
18182,no
3228,no
13320,no
38520,no
37633,yes
11702,no
33910,no
2845,no
8598,no
12662,no
801,no
3741,no
23491,no
34763,no
24749,no
10538,no
2528,no
16140,no
33425,yes
2058,no
16490,no
7906,no
28814,no
4393,no
17112,no
37409,yes
12729,no
14945,no
36039,no
6633,no
11512,no
12986,no
15224,no
22908,no
36701,no
16672,no
33912,no
7102,no
6534,no
33464,no
19793,no
22786,yes
36860,no
39912,yes
40802,no
4871,no
31078,no
29318,no
20112,no
510,no
5959,no
1,no
28150,no
18073,no
9750,no
22496,no
32064,no
40836,no
19973,no
27421,no
36423,yes
30883,no
33210,no
23872,no
1219,no
9410,no
39449,yes
20606,no
18248,no
21670,no
7453,no
1141,no
30460,no
24306,no
37637,yes
19413,no
30006,yes
4261,no
12208,no
17268,no
14116,no
9834,no
19140,no
37558,no
6030,no
26735,no
33705,no
32659,no
4903,no
17303,no
20177,no
3217,no
24034,no
1924,no
21854,no
19534,no
7652,yes
23661,no
27055,no
1916,no
20206,no
28442,no
40572,no
8562,no
31699,no
18607,no
12716,no
5621,no
12482,no
16570,no
13716,no
28067,no
37112,yes
36696,no
17177,no
5597,no
19151,no
24461,no
21362,no
40712,no
24240,no
31072,yes
35794,no
40434,no
40187,no
14328,no
19400,yes
294,no
9501,no
9605,no
30659,no
22344,no
40561,yes
26502,no
36702,yes
19943,no
38363,no
12098,no
24813,no
9080,no
31272,no
2041,no
10631,no
20158,no
20378,no
23261,no
39644,yes
22890,no
17897,no
37762,yes
31117,no
30360,yes
11409,no
9493,no
26705,no
34506,yes
12555,no
1008,no
12632,no
9252,no
23871,no
16086,no
16217,no
37563,no
18023,no
13560,no
27722,no
12810,no
5750,no
17328,no
24910,no
10724,no
3771,no
23827,no
24530,no
6955,no
17725,no
20773,yes
17644,no
12954,no
33227,no
35515,no
35931,yes
16177,no
38747,yes
15932,no
27255,no
25552,no
31821,no
60,no
19928,no
9048,no
14406,no
14935,no
889,no
8343,no
18886,no
18041,yes
16980,no
535,no
10225,no
13201,no
29953,no
3159,no
23971,no
34826,no
10298,no
27986,no
4900,no
19923,no
24510,no
16105,no
27360,no
24733,no
2427,no
32352,no
21684,no
19379,no
33152,yes
30287,no
20418,no
29234,no
1969,no
18690,no
5843,no
7449,no
209,no
26639,no
12635,no
40976,yes
37529,yes
13741,no
8796,no
13854,no
18626,no
7725,yes
2549,no
20649,no
38346,no
30410,no
35106,yes
16021,no
36544,no
34430,yes
16988,no
2278,no
24859,no
255,no
25648,no
1026,no
38544,no
38283,yes
21836,yes
7445,yes
19117,no
2142,no
8978,no
11158,no
9035,no
6822,no
25116,no
29369,no
38148,yes
3360,no
18845,yes
32974,no
20205,no
19311,no
38773,yes
13311,no
39000,yes
9749,no
10435,no
13921,no
14344,no
18716,no
35181,yes
36874,no
31048,no
6205,no
32742,no
40247,yes
6335,no
32932,no
38532,no
9397,no
18108,no
2940,no
35142,no
20123,no
37664,yes
10890,no
22899,no
29635,no
34063,no
34062,no
11110,no
23940,no
6672,no
33278,no
35933,yes
38480,yes
14025,no
33007,no
22884,no
23910,no
31244,no
13727,yes
6554,no
3747,no
24347,no
17373,no
14083,no
1190,no
31872,no
36482,no
14505,no
24459,no
31854,no
37154,yes
21394,no
244,no
26685,no
8533,no
12110,no
23283,no
24479,no
26940,no
37298,no
30791,no
21618,no
36226,no
23775,no
23087,no
11327,no
21986,no
21326,no
21148,no
14024,no
19633,no
9528,no
9665,no
24066,no
5474,no
36405,no
6309,no
26092,no
36844,no
19818,no
6838,no
676,no
14052,no
26807,no
22249,no
31042,no
769,no
5664,no
28349,no
11134,no
2077,no
3477,no
15690,no
27453,no
26066,no
22555,no
15859,no
25190,no
29523,yes
31795,no
31361,no
39128,no
21985,no
27936,no
24793,no
942,no
18059,no
33928,no
9782,no
30216,no
34053,no
15880,no
20680,no
33517,no
29804,no
17284,yes
23030,no
23314,no
18547,no
40632,no
33117,no
25139,no
15317,yes
33176,no
23793,no
25235,no
40475,yes
22203,no
33444,no
25107,no
20621,yes
6331,no
29767,yes
3445,no
2030,no
6264,no
27482,no
8609,no
29704,no
16627,yes
24700,no
33092,no
39586,yes
26949,no
30232,no
15129,no
17748,no
17524,no
31674,no
29210,yes
232,no
1663,no
18855,no
2954,no
33359,yes
34998,no
39861,no
3920,no
33395,no
